label_gloss,class_index,split,video_id,num_frames_used,f0,f1,f2,f3,f4,f5,f6,f7,f8,f9,f10,f11,f12,f13,f14,f15,f16,f17,f18,f19,f20,f21,f22,f23,f24,f25,f26,f27,f28,f29,f30,f31,f32,f33,f34,f35,f36,f37,f38,f39,f40,f41
hello,402,train,27184,13,0.0,0.0,0.12752065062522888,-0.12036866694688797,0.21994638442993164,-0.25972121953964233,0.2655637264251709,-0.35472095012664795,0.2721763551235199,-0.36292564868927,0.1552990972995758,-0.47457659244537354,0.20742931962013245,-0.5773218870162964,0.2371639907360077,-0.6230165958404541,0.259306401014328,-0.6689130067825317,0.09647881984710693,-0.44535794854164124,0.15490348637104034,-0.552473247051239,0.1893010288476944,-0.6086401343345642,0.2143915593624115,-0.6641746163368225,0.03907926380634308,-0.38479483127593994,0.09015221148729324,-0.48545071482658386,0.12622201442718506,-0.5382489562034607,0.15423846244812012,-0.5876624584197998,-0.016151363030076027,-0.30128124356269836,0.021209657192230225,-0.3838973343372345,0.0564652718603611,-0.4296024441719055,0.08914259821176529,-0.47095102071762085
hello,402,test,27172,18,0.0,0.0,0.15238049626350403,-0.0190648902207613,0.28210651874542236,-0.0977470651268959,0.36701449751853943,-0.13283343613147736,0.43989455699920654,-0.14255766570568085,0.32869991660118103,-0.4810818135738373,0.42533037066459656,-0.6123387813568115,0.4823828339576721,-0.6223886013031006,0.5320133566856384,-0.6245028376579285,0.25415176153182983,-0.5260551571846008,0.35542958974838257,-0.6674492359161377,0.41911301016807556,-0.6498492360115051,0.4746026396751404,-0.6277468204498291,0.16533982753753662,-0.5130645632743835,0.2497832030057907,-0.6575732231140137,0.31324300169944763,-0.625412106513977,0.3695143163204193,-0.5853884220123291,0.06665804237127304,-0.4510592222213745,0.11620260775089264,-0.5568172931671143,0.1664709746837616,-0.5280556082725525,0.2120351344347,-0.4807855188846588
hello,402,train,27173,15,0.0,0.0,0.13660869002342224,-0.018878791481256485,0.25527212023735046,-0.10287227481603622,0.2950884997844696,-0.1909162700176239,0.2516469359397888,-0.23531395196914673,0.2570265531539917,-0.44389092922210693,0.3118385076522827,-0.6333717107772827,0.34751540422439575,-0.754385232925415,0.3767503499984741,-0.8639048337936401,0.20245954394340515,-0.46695375442504883,0.2718713879585266,-0.6692555546760559,0.3165877163410187,-0.8054567575454712,0.3508143723011017,-0.9240766763687134,0.13902585208415985,-0.4556540846824646,0.2019386887550354,-0.6467840075492859,0.24932020902633667,-0.7661033272743225,0.28835922479629517,-0.8680832982063293,0.0648847296833992,-0.4160078167915344,0.12157279998064041,-0.5662860870361328,0.16933995485305786,-0.6486035585403442,0.21449653804302216,-0.7165663838386536
hello,402,val,27177,14,0.0,0.0,0.1388358771800995,-0.018949108198285103,0.2509937584400177,-0.129630908370018,0.30855792760849,-0.2335396111011505,0.3218744099140167,-0.32099270820617676,0.22860924899578094,-0.4456852972507477,0.3201909065246582,-0.6075621247291565,0.38702815771102905,-0.7114435434341431,0.43826910853385925,-0.8021369576454163,0.1850190907716751,-0.4861193597316742,0.2890281081199646,-0.6698786616325378,0.36202266812324524,-0.7880553007125854,0.4213414490222931,-0.8913721442222595,0.14039799571037292,-0.4940163791179657,0.23957373201847076,-0.6729914546012878,0.30992645025253296,-0.7887986302375793,0.3661131262779236,-0.8855456113815308,0.0927199050784111,-0.47501152753829956,0.16953833401203156,-0.6279269456863403,0.22429275512695312,-0.724700391292572,0.27030062675476074,-0.8046017289161682
my,566,train,69404,16,0.0,0.0,0.016490375623106956,-0.3362026810646057,-0.04643478989601135,-0.6169103980064392,-0.11389210820198059,-0.8224889636039734,-0.12711605429649353,-0.9904398918151855,-0.25993379950523376,-0.550825834274292,-0.4284689128398895,-0.6874499320983887,-0.5248463153839111,-0.7626223564147949,-0.5977510213851929,-0.8197910785675049,-0.3213556110858917,-0.3934749960899353,-0.5011991262435913,-0.5498492121696472,-0.6100740432739258,-0.6475295424461365,-0.6909081339836121,-0.7207954525947571,-0.35300663113594055,-0.2339877486228943,-0.521084725856781,-0.37869003415107727,-0.6222027540206909,-0.46520528197288513,-0.700052797794342,-0.5354397296905518,-0.36114582419395447,-0.08260852843523026,-0.48965615034103394,-0.1789853274822235,-0.5682018399238586,-0.2325204610824585,-0.6336367726325989,-0.2800588309764862
my,566,train,37477,12,0.0,0.0,0.07669191807508469,-0.3846023976802826,0.20699208974838257,-0.6715037226676941,0.296213299036026,-0.8746414184570312,0.32928287982940674,-1.067173957824707,0.4331711232662201,-0.3796159327030182,0.6465235352516174,-0.3698769509792328,0.7783990502357483,-0.3596341907978058,0.8844857811927795,-0.35394033789634705,0.464277982711792,-0.12979263067245483,0.6969735622406006,-0.12241196632385254,0.8546092510223389,-0.12675082683563232,0.9838300347328186,-0.133398175239563,0.4532139003276825,0.10539743304252625,0.6831187605857849,0.10390578955411911,0.826422393321991,0.09646023064851761,0.9397593140602112,0.07769743353128433,0.41513195633888245,0.327146053314209,0.5882462859153748,0.33820053935050964,0.696917712688446,0.31652435660362244,0.7855905890464783,0.28081125020980835
my,566,val,37469,21,0.0,0.0,0.021057063713669777,-0.28392836451530457,0.11602561920881271,-0.5352489352226257,0.18406644463539124,-0.7304774522781372,0.20523405075073242,-0.8883061408996582,0.41618815064430237,-0.41281259059906006,0.6137517094612122,-0.46902528405189514,0.7202781438827515,-0.5014850497245789,0.8037326335906982,-0.5230640769004822,0.4667554497718811,-0.26889628171920776,0.6797988414764404,-0.34755122661590576,0.7999420166015625,-0.3973512053489685,0.8948180079460144,-0.42897093296051025,0.4821847379207611,-0.11200402677059174,0.6848794221878052,-0.20141015946865082,0.7943828105926514,-0.25418123602867126,0.8760129809379578,-0.2914535701274872,0.47143808007240295,0.05541522800922394,0.630781888961792,-0.005632329732179642,0.7164179682731628,-0.05699923634529114,0.7830914258956909,-0.09884671121835709
my,566,train,37470,16,0.0,0.0,0.11918380111455917,-0.3412018418312073,0.3223553001880646,-0.5420286059379578,0.47808173298835754,-0.6581752896308899,0.5360760688781738,-0.8042384386062622,0.44092753529548645,-0.39012423157691956,0.6823262572288513,-0.36418452858924866,0.824065625667572,-0.3396318852901459,0.9293547868728638,-0.31540238857269287,0.447837769985199,-0.1729181557893753,0.7103284597396851,-0.1580944061279297,0.8642820119857788,-0.14080093801021576,0.9786936640739441,-0.12273688614368439,0.43018385767936707,0.04409933462738991,0.6759796142578125,0.04000076279044151,0.8145068287849426,0.05085958540439606,0.9174384474754333,0.06318850815296173,0.39669668674468994,0.24283860623836517,0.5771323442459106,0.2500743269920349,0.6823493242263794,0.2653394937515259,0.7676650285720825,0.28085070848464966
my,566,train,37471,22,0.0,0.0,0.015662623569369316,-0.27737876772880554,0.09119446575641632,-0.5175679922103882,0.1531335711479187,-0.7064844965934753,0.1770486831665039,-0.8557517528533936,0.3484604060649872,-0.4084402024745941,0.5667634606361389,-0.4688440263271332,0.7049206495285034,-0.4924723505973816,0.8125860095024109,-0.5014634728431702,0.39760449528694153,-0.2641390264034271,0.6408698558807373,-0.33486154675483704,0.7943379878997803,-0.3738076090812683,0.9150062799453735,-0.39730414748191833,0.41390907764434814,-0.11282556504011154,0.6470288038253784,-0.18359656631946564,0.791940450668335,-0.22651563584804535,0.904554545879364,-0.2569632828235626,0.407169371843338,0.0411367267370224,0.587505578994751,0.01081820484250784,0.7028281688690186,-0.008360836654901505,0.801279604434967,-0.02382657676935196
my,566,val,37473,14,0.0,0.0,0.01341302040964365,-0.29723718762397766,0.10649557411670685,-0.5431631803512573,0.17943428456783295,-0.7309713959693909,0.1994408220052719,-0.8927295804023743,0.36115598678588867,-0.4529448449611664,0.5549687147140503,-0.5339851975440979,0.6792420148849487,-0.5736571550369263,0.7729598879814148,-0.5931481719017029,0.40836700797080994,-0.3059222102165222,0.6201171875,-0.40899327397346497,0.7560464143753052,-0.4689885079860687,0.8619776964187622,-0.5068146586418152,0.4240778088569641,-0.148466557264328,0.626924991607666,-0.2542518973350525,0.7508148550987244,-0.3180660903453827,0.8445888161659241,-0.36606723070144653,0.41725772619247437,0.015650760382413864,0.5786166787147522,-0.04278172180056572,0.6788784861564636,-0.0885249450802803,0.7590678334236145,-0.13054780662059784
name,164,test,69405,21,0.0,0.0,-0.15658767521381378,-0.30345967411994934,-0.3595275580883026,-0.3093627393245697,-0.48917993903160095,-0.14405643939971924,-0.5660287737846375,0.021719327196478844,-0.3532346189022064,-0.20897050201892853,-0.5463568568229675,-0.060380786657333374,-0.6506431698799133,0.03010086715221405,-0.7284846901893616,0.11062344163656235,-0.3243526816368103,0.04901067912578583,-0.5422082543373108,0.20106518268585205,-0.6942979097366333,0.29033052921295166,-0.807244598865509,0.39062801003456116,-0.2925960421562195,0.2659206986427307,-0.4951972961425781,0.33904439210891724,-0.5015338063240051,0.22109901905059814,-0.4699852764606476,0.1544737070798874,-0.26473286747932434,0.42729029059410095,-0.4376354217529297,0.434007465839386,-0.45294564962387085,0.3355172574520111,-0.4306976795196533,0.27416759729385376
name,164,val,37580,13,0.0,0.0,0.10843798518180847,-0.2167453169822693,0.2727868854999542,-0.27706843614578247,0.40143027901649475,-0.20271700620651245,0.47755056619644165,-0.1008877083659172,0.34296083450317383,-0.3310404121875763,0.5286014676094055,-0.38155439496040344,0.6439119577407837,-0.40204334259033203,0.7348465323448181,-0.41113969683647156,0.38510242104530334,-0.1934644877910614,0.5806644558906555,-0.2513754963874817,0.6952571272850037,-0.2825626730918884,0.7856489419937134,-0.2977234721183777,0.40513503551483154,-0.036239221692085266,0.5513843894004822,0.0012177641037851572,0.4900698661804199,0.01985279470682144,0.41962260007858276,0.026489373296499252,0.40647393465042114,0.12039598822593689,0.4966227412223816,0.14200764894485474,0.4441364109516144,0.14995111525058746,0.38754960894584656,0.15376600623130798
name,164,train,37590,15,0.0,0.0,0.15636895596981049,-0.27368757128715515,0.3885490596294403,-0.38512077927589417,0.5841085910797119,-0.3080021142959595,0.7022218108177185,-0.19754110276699066,0.3852480351924896,-0.5140782594680786,0.6346529722213745,-0.5149126052856445,0.7491990923881531,-0.4716813862323761,0.8351795673370361,-0.4485745429992676,0.3658876419067383,-0.2908205986022949,0.6591865420341492,-0.2579246759414673,0.7968124151229858,-0.22640196979045868,0.8953170776367188,-0.23137420415878296,0.34493696689605713,-0.027405885979533195,0.6486834287643433,0.08375931531190872,0.7109929323196411,0.13257160782814026,0.72517991065979,0.12482805550098419,0.326431006193161,0.2327125370502472,0.5786107778549194,0.29374128580093384,0.6266921758651733,0.29359370470046997,0.6359773874282837,0.26688289642333984
name,164,train,37581,13,0.0,0.0,0.04409909248352051,-0.46256405115127563,0.0017325878143310547,-0.7369471192359924,-0.048937760293483734,-0.7016888856887817,-0.07683397829532623,-0.5530190467834473,-0.08373363316059113,-0.8471813201904297,-0.22287914156913757,-0.8324142098426819,-0.3157334327697754,-0.710041344165802,-0.3840867578983307,-0.6135287284851074,-0.20294955372810364,-0.5684927701950073,-0.341000497341156,-0.4418661296367645,-0.4402409791946411,-0.25569260120391846,-0.5189631581306458,-0.12341442704200745,-0.3001551330089569,-0.24437764286994934,-0.43606284260749817,-0.0886957123875618,-0.42436105012893677,0.02122965082526207,-0.3845739960670471,0.09536720812320709,-0.388689249753952,0.07190795987844467,-0.5011131763458252,0.20251455903053284,-0.4857677221298218,0.27051669359207153,-0.43865966796875,0.30774182081222534
name,164,train,37582,28,0.0,0.0,-0.24652206897735596,-0.3707334101200104,-0.5977148413658142,-0.5047721862792969,-0.9017691016197205,-0.32271814346313477,-1.0489484071731567,-0.06710963696241379,-0.3978869318962097,-0.6469870805740356,-0.7415727972984314,-0.5237582325935364,-0.8912016153335571,-0.3558357059955597,-0.9309176206588745,-0.19599929451942444,-0.3169635236263275,-0.3528328239917755,-0.7629483938217163,-0.16989339888095856,-0.9094868302345276,-0.11708240956068039,-0.9284400343894958,-0.07885187119245529,-0.28076237440109253,-0.03031637892127037,-0.7667055726051331,0.12299240380525589,-0.8290115594863892,0.10411165654659271,-0.761733889579773,0.07440804690122604,-0.27556219696998596,0.28450530767440796,-0.6925488114356995,0.37632057070732117,-0.7812747955322266,0.31295254826545715,-0.7497028112411499,0.23352240025997162
name,164,train,37585,26,0.0,0.0,0.1288807988166809,-0.28272923827171326,0.3399621844291687,-0.38264238834381104,0.5153133869171143,-0.32748162746429443,0.6230132579803467,-0.24446240067481995,0.3871445655822754,-0.36447539925575256,0.6139096617698669,-0.379946768283844,0.7533627152442932,-0.373719722032547,0.8654385805130005,-0.3600955307483673,0.4086807370185852,-0.16488116979599,0.6701438426971436,-0.1828162521123886,0.8363853096961975,-0.19280055165290833,0.9733679890632629,-0.198244109749794,0.413503497838974,0.035249944776296616,0.6733123064041138,0.024587254971265793,0.7824327945709229,0.01729338988661766,0.8583222031593323,0.014980590902268887,0.4062245190143585,0.21220065653324127,0.6161026358604431,0.2011840045452118,0.7077164053916931,0.18497245013713837,0.774749755859375,0.1801954209804535
j,1789,val,66048,11,0.0,0.0,-0.20306047797203064,-0.36136141419410706,-0.4426707923412323,-0.7366141676902771,-0.6418085098266602,-0.9593934416770935,-0.7396947741508484,-1.0411282777786255,-0.27918675541877747,-1.1422791481018066,-0.5489792823791504,-1.241666316986084,-0.598716676235199,-0.9384058117866516,-0.5817269682884216,-0.7056447863578796,-0.1795644760131836,-0.978654682636261,-0.47879326343536377,-1.0289825201034546,-0.5161788463592529,-0.6945648789405823,-0.47994640469551086,-0.4625476896762848,-0.09443638473749161,-0.7658886313438416,-0.357839971780777,-0.853847086429596,-0.4192134737968445,-0.5894854068756104,-0.4135626554489136,-0.3908511996269226,-0.025392932817339897,-0.5347040295600891,-0.16258181631565094,-0.7644333243370056,-0.24616770446300507,-0.9116029739379883,-0.30225926637649536,-1.0471950769424438
j,1789,train,31100,18,0.0,0.0,0.08389623463153839,-0.3532171845436096,0.19554679095745087,-0.7770408987998962,0.2881326377391815,-1.107215404510498,0.3374301493167877,-1.242051124572754,0.09172271192073822,-1.0564491748809814,0.3532843291759491,-1.4444619417190552,0.39931488037109375,-1.2124179601669312,0.342079758644104,-1.0217041969299316,0.12154654413461685,-0.9270233511924744,0.43846067786216736,-1.2866297960281372,0.4707980751991272,-1.0333950519561768,0.41673123836517334,-0.8400217890739441,0.17653316259384155,-0.7780613899230957,0.4677683115005493,-1.1114338636398315,0.49541425704956055,-0.8796935081481934,0.4479522705078125,-0.685059666633606,0.23764413595199585,-0.6316671371459961,0.42985907196998596,-0.9464836120605469,0.5103949308395386,-1.0679117441177368,0.5642262101173401,-1.17952299118042
j,1789,train,31102,30,0.0,0.0,0.15352541208267212,-0.27866217494010925,0.3741970658302307,-0.5723232626914978,0.5700578689575195,-0.7497618198394775,0.6773592233657837,-0.8370651602745056,0.32832640409469604,-0.9564635157585144,0.5924316048622131,-1.1242061853408813,0.6016637682914734,-0.8881308436393738,0.5771152377128601,-0.6880761981010437,0.29383260011672974,-0.8448719382286072,0.5544792413711548,-0.9912150502204895,0.5516156554222107,-0.7230914235115051,0.5152093768119812,-0.5026856064796448,0.250007301568985,-0.7078104019165039,0.4832836389541626,-0.8766623139381409,0.5068462491035461,-0.6411848664283752,0.4907664954662323,-0.4393293261528015,0.2021167278289795,-0.5752032995223999,0.36495062708854675,-0.8199952244758606,0.47257038950920105,-0.965408205986023,0.5670852661132812,-1.089797854423523
j,1789,train,31104,15,0.0,0.0,0.18215103447437286,-0.30772918462753296,0.44412872195243835,-0.6173298358917236,0.6521212458610535,-0.8808356523513794,0.7656496167182922,-0.9577429890632629,0.5208839178085327,-0.8808664679527283,0.7928522229194641,-1.1192195415496826,0.6767750978469849,-0.8394215703010559,0.5349672436714172,-0.6336570978164673,0.49432262778282166,-0.7574833035469055,0.7567744851112366,-0.9390571117401123,0.6293697357177734,-0.6646252274513245,0.48564669489860535,-0.4620927572250366,0.4531116485595703,-0.5938332080841064,0.6994487643241882,-0.7813127040863037,0.5930014848709106,-0.5440982580184937,0.4648366868495941,-0.3568529486656189,0.3948708772659302,-0.42622336745262146,0.6039782762527466,-0.5978167057037354,0.7074607610702515,-0.6820111870765686,0.7957862615585327,-0.7790050506591797
i,1779,val,66047,17,0.0,0.0,0.43782541155815125,-0.30087968707084656,0.813154399394989,-0.8325887322425842,0.9079879522323608,-1.38001549243927,0.6967281699180603,-1.6736423969268799,0.41692185401916504,-1.9823254346847534,0.5658999085426331,-2.0439908504486084,0.621742308139801,-1.407734990119934,0.6182234287261963,-0.910128653049469,0.11529079079627991,-1.9996734857559204,0.3049376308917999,-2.062898635864258,0.37517663836479187,-1.2805852890014648,0.36510273814201355,-0.7001302242279053,-0.1768304854631424,-1.9297319650650024,0.0005957639659754932,-2.1904256343841553,0.17143206298351288,-1.5800116062164307,0.26018351316452026,-1.0541534423828125,-0.45703843235969543,-1.7798959016799927,-0.43359774351119995,-2.546961545944214,-0.3843880295753479,-3.041034460067749,-0.3186957836151123,-3.4650673866271973
i,1779,train,28789,19,0.0,0.0,0.33024677634239197,-0.22222992777824402,0.5925237536430359,-0.5714587569236755,0.6347956657409668,-0.8944586515426636,0.4543066620826721,-1.026145339012146,0.44090938568115234,-1.2000774145126343,0.5814220905303955,-1.5370179414749146,0.6059053540229797,-1.161908745765686,0.5967246890068054,-0.9161280393600464,0.26384058594703674,-1.183327317237854,0.3935116231441498,-1.440064787864685,0.4466032087802887,-1.018753170967102,0.44282761216163635,-0.7700883746147156,0.0763939693570137,-1.1271531581878662,0.22203335165977478,-1.3164244890213013,0.3157907724380493,-0.9169929623603821,0.33586788177490234,-0.6517329216003418,-0.1121542677283287,-1.0532076358795166,-0.051454875618219376,-1.4620883464813232,0.0006300712702795863,-1.69708251953125,0.0378224141895771,-1.9258317947387695
i,1779,train,28791,15,0.0,0.0,0.22615143656730652,-0.22739548981189728,0.41708287596702576,-0.5940290689468384,0.5386629104614258,-0.8551850914955139,0.5036956071853638,-1.0174001455307007,0.18492081761360168,-1.0805426836013794,0.2653385400772095,-1.414401650428772,0.3825940787792206,-1.248106837272644,0.44434675574302673,-1.0527299642562866,0.06667075306177139,-1.0647064447402954,0.15367570519447327,-1.370733618736267,0.28946396708488464,-1.1474652290344238,0.36377444863319397,-0.9314689040184021,-0.07253187149763107,-1.0291346311569214,0.027544822543859482,-1.290347933769226,0.18597251176834106,-1.0824916362762451,0.2927277982234955,-0.886343777179718,-0.2183912694454193,-0.9807983636856079,-0.18999798595905304,-1.4100372791290283,-0.12920451164245605,-1.65584135055542,-0.05537039786577225,-1.8537474870681763
i,1779,train,28794,24,0.0,0.0,0.3028920888900757,-0.22444963455200195,0.518675684928894,-0.6894580721855164,0.4732494652271271,-1.1058902740478516,0.2646171748638153,-1.306470513343811,0.17180943489074707,-1.6354531049728394,0.17689837515354156,-1.9057245254516602,0.19328691065311432,-1.4344836473464966,0.194558784365654,-1.110258936882019,-0.07856735587120056,-1.6298872232437134,-0.05911858752369881,-1.8343324661254883,0.015366624109447002,-1.2297662496566772,0.04463953152298927,-0.8330833315849304,-0.31632962822914124,-1.535377025604248,-0.30097755789756775,-1.7467831373214722,-0.18064816296100616,-1.190875768661499,-0.107396699488163,-0.7965641617774963,-0.5400187969207764,-1.3737369775772095,-0.6096777319908142,-1.9451295137405396,-0.6048945188522339,-2.239441156387329,-0.5778353810310364,-2.51716685295105
develop,516,train,15941,14,0.0,0.0,0.03480343148112297,-0.3406240940093994,0.09739909321069717,-0.6522852778434753,0.1744581013917923,-0.8568747639656067,0.25472491979599,-0.9878252744674683,0.08189136534929276,-0.7340182662010193,0.16294343769550323,-1.0339280366897583,0.18496094644069672,-1.220192790031433,0.1952378898859024,-1.3619621992111206,0.09424829483032227,-0.6076650619506836,0.2978002429008484,-0.7838028073310852,0.3830273449420929,-0.7700262665748596,0.4241303503513336,-0.7239399552345276,0.13128164410591125,-0.4363112449645996,0.32804757356643677,-0.582912027835846,0.3977302610874176,-0.5807284712791443,0.42439863085746765,-0.5485815405845642,0.1818864345550537,-0.25881674885749817,0.3365933299064636,-0.37319445610046387,0.38692712783813477,-0.4013066291809082,0.40924474596977234,-0.40502479672431946
develop,516,val,65472,12,0.0,0.0,0.13921606540679932,-0.08499781042337418,0.24167625606060028,-0.17134934663772583,0.30462104082107544,-0.19887502491474152,0.3223861753940582,-0.20346617698669434,0.2522178292274475,-0.433720201253891,0.2621026933193207,-0.5134924054145813,0.26956310868263245,-0.6312377452850342,0.28843584656715393,-0.768096923828125,0.186998188495636,-0.41169342398643494,0.21168552339076996,-0.4817732274532318,0.2239941954612732,-0.6357449889183044,0.24888120591640472,-0.7971649169921875,0.1137322410941124,-0.3608926832675934,0.13758109509944916,-0.4408144950866699,0.15323933959007263,-0.603470504283905,0.1788596361875534,-0.7619080543518066,0.03580152615904808,-0.2893332839012146,0.0529615543782711,-0.3469454050064087,0.06306236237287521,-0.47451338171958923,0.08170178532600403,-0.6067633032798767
develop,516,train,65473,12,0.0,0.0,0.03792228922247887,-0.20952950417995453,0.046387191861867905,-0.41266492009162903,0.061883583664894104,-0.6049824357032776,0.07755715399980545,-0.7993242740631104,0.13924388587474823,-0.6583625674247742,0.27157238125801086,-0.7463987469673157,0.3333323895931244,-0.8347054123878479,0.3664079010486603,-0.9183701872825623,0.1865900754928589,-0.5813125967979431,0.3504529297351837,-0.5300831198692322,0.4003101587295532,-0.5199933052062988,0.4126377999782562,-0.5270686149597168,0.2302251011133194,-0.43125438690185547,0.410449743270874,-0.333167165517807,0.46553516387939453,-0.30019649863243103,0.47993984818458557,-0.31325075030326843,0.2681763470172882,-0.24114727973937988,0.43896484375,-0.1360090672969818,0.5017544627189636,-0.11505699902772903,0.5242505669593811,-0.12917375564575195
develop,516,train,15933,55,0.0,0.0,0.01367584615945816,-0.14836162328720093,0.03200102597475052,-0.36403894424438477,0.05638149753212929,-0.5253103971481323,0.06946148723363876,-0.6587696671485901,0.06350718438625336,-0.6974407434463501,0.11359211057424545,-0.9061719179153442,0.14260567724704742,-0.9794231653213501,0.16012348234653473,-1.0342435836791992,0.06658876687288284,-0.6787224411964417,0.12747244536876678,-0.896389901638031,0.17364999651908875,-0.9371516704559326,0.1998521238565445,-0.9574788808822632,0.06522625684738159,-0.6037614941596985,0.1107419803738594,-0.8058785200119019,0.1491454541683197,-0.808556079864502,0.17005442082881927,-0.7948735952377319,0.061283793300390244,-0.4834635555744171,0.09417519718408585,-0.6210284233093262,0.12719863653182983,-0.649383544921875,0.14965185523033142,-0.6553816795349121
develop,516,train,15934,30,0.0,0.0,0.14759279787540436,-0.06662533432245255,0.2466106116771698,-0.1651754379272461,0.3204018175601959,-0.20872481167316437,0.3830987215042114,-0.2333126813173294,0.22388146817684174,-0.4530699551105499,0.2724307179450989,-0.6313632130622864,0.3136477768421173,-0.750849723815918,0.35213032364845276,-0.8526861071586609,0.2080029398202896,-0.45445889234542847,0.28842252492904663,-0.6350162029266357,0.35671889781951904,-0.7565310597419739,0.4196586608886719,-0.8637505173683167,0.1867116540670395,-0.42743226885795593,0.2695503532886505,-0.6016187071800232,0.33227917551994324,-0.7194734811782837,0.3856502175331116,-0.8212445974349976,0.16122712194919586,-0.37384718656539917,0.232615128159523,-0.507156252861023,0.2859851121902466,-0.6013193726539612,0.3339327275753021,-0.6836613416671753
develop,516,train,15935,10,0.0,0.0,-0.13992971181869507,-0.19347742199897766,-0.21168848872184753,-0.400825560092926,-0.24425716698169708,-0.5612019896507263,-0.2626008093357086,-0.7001308798789978,-0.20857617259025574,-0.4532303214073181,-0.22889626026153564,-0.6559425592422485,-0.2514646053314209,-0.8101022839546204,-0.2657943665981293,-0.9530941247940063,-0.17429937422275543,-0.39673560857772827,-0.192243292927742,-0.6237035393714905,-0.21004430949687958,-0.7997386455535889,-0.21914279460906982,-0.9665098190307617,-0.12665581703186035,-0.3191966116428375,-0.13818597793579102,-0.5315718650817871,-0.14663659036159515,-0.689753532409668,-0.15068265795707703,-0.8314328193664551,-0.07379667460918427,-0.2142215222120285,-0.0812092050909996,-0.35721248388290405,-0.08920340240001678,-0.46736735105514526,-0.09295620024204254,-0.5737419128417969
develop,516,val,15936,24,0.0,0.0,0.061724331229925156,-0.08178220689296722,0.13359643518924713,-0.22052276134490967,0.15469306707382202,-0.3462163507938385,0.13011378049850464,-0.4415014684200287,0.16255302727222443,-0.44014909863471985,0.19333946704864502,-0.6625658869743347,0.20488832890987396,-0.7905680537223816,0.2181657999753952,-0.8913872241973877,0.11689100414514542,-0.45757246017456055,0.14578035473823547,-0.6998395323753357,0.1597147434949875,-0.8369548320770264,0.1745726466178894,-0.9465940594673157,0.06483020633459091,-0.449321985244751,0.08774948865175247,-0.678356409072876,0.10249725729227066,-0.8092166781425476,0.11894240975379944,-0.9097520709037781,0.0021643482614308596,-0.4173659086227417,0.017317665740847588,-0.6002311706542969,0.028454924002289772,-0.6962115168571472,0.04176997020840645,-0.7705509066581726
develop,516,test,15938,19,0.0,0.0,-0.005612477660179138,-0.19144423305988312,-0.03443237394094467,-0.42007121443748474,-0.06866074353456497,-0.5894954800605774,-0.10302937030792236,-0.7164207100868225,-0.02554483711719513,-0.451066255569458,-0.07561475038528442,-0.662066638469696,-0.11120440065860748,-0.8254767656326294,-0.13957981765270233,-0.9641833901405334,-0.040302764624357224,-0.42076292634010315,-0.09343098849058151,-0.6550427079200745,-0.1296970397233963,-0.8274862766265869,-0.1559501588344574,-0.987511157989502,-0.06894218176603317,-0.3720497786998749,-0.11244188994169235,-0.594992458820343,-0.1359788179397583,-0.7458974719047546,-0.15241806209087372,-0.8797776103019714,-0.11045998334884644,-0.304309606552124,-0.1295805126428604,-0.46206435561180115,-0.13346035778522491,-0.5678493976593018,-0.13356913626194,-0.664808452129364
program,749,train,44837,15,0.0,0.0,0.053265415132045746,-0.2869557738304138,0.06094422563910484,-0.526338517665863,0.06284604221582413,-0.698956310749054,0.09481225162744522,-0.8206823468208313,-0.08512355387210846,-0.5152464509010315,-0.17107759416103363,-0.6804271936416626,-0.22530891001224518,-0.7844006419181824,-0.2699454724788666,-0.8737630844116211,-0.15443207323551178,-0.3705631494522095,-0.25047773122787476,-0.5519095659255981,-0.3104232847690582,-0.680364191532135,-0.3557809889316559,-0.787324845790863,-0.206829234957695,-0.21002784371376038,-0.3026677072048187,-0.3800303041934967,-0.35761556029319763,-0.5055516958236694,-0.3937974274158478,-0.6097784042358398,-0.24410511553287506,-0.04784170538187027,-0.321399986743927,-0.1728552281856537,-0.3616829812526703,-0.27259865403175354,-0.38760724663734436,-0.360297828912735
program,749,train,66337,15,0.0,0.0,0.1159626692533493,-0.13393525779247284,0.20684929192066193,-0.2346031665802002,0.2480766922235489,-0.30323082208633423,0.2756952941417694,-0.3513675332069397,0.13957765698432922,-0.35132691264152527,0.16321514546871185,-0.5070907473564148,0.1696183979511261,-0.5791824460029602,0.16965718567371368,-0.6308194994926453,0.07209803909063339,-0.28903231024742126,0.0855918601155281,-0.41603630781173706,0.08081116527318954,-0.4815678000450134,0.07282530516386032,-0.5257256031036377,0.00796804390847683,-0.20958878099918365,-0.004482122138142586,-0.306995689868927,-0.03880886361002922,-0.42188456654548645,-0.06519479304552078,-0.5242704153060913,-0.04809938371181488,-0.12492740899324417,-0.0634867399930954,-0.184983491897583,-0.09431200474500656,-0.26979321241378784,-0.11875316500663757,-0.3558274507522583
program,749,val,44829,19,0.0,0.0,0.05380038917064667,-0.2021607905626297,0.05000307783484459,-0.39564481377601624,0.010800651274621487,-0.5462836027145386,0.0070784506388008595,-0.6666058301925659,-0.07124397158622742,-0.41579189896583557,-0.1379307508468628,-0.5861987471580505,-0.1657373309135437,-0.673693835735321,-0.18684592843055725,-0.7422911524772644,-0.1352153867483139,-0.33692270517349243,-0.19956491887569427,-0.5274936556816101,-0.2304888814687729,-0.6382384300231934,-0.25043171644210815,-0.7216393351554871,-0.18523232638835907,-0.24418100714683533,-0.24307750165462494,-0.4241931736469269,-0.269970566034317,-0.5362731218338013,-0.2845328152179718,-0.6211759448051453,-0.22636130452156067,-0.14067158102989197,-0.27052056789398193,-0.28230300545692444,-0.29054656624794006,-0.3709734082221985,-0.3034920394420624,-0.445553719997406
program,749,train,44830,16,0.0,0.0,-0.07930485904216766,-0.18481317162513733,-0.13349510729312897,-0.4069066345691681,-0.1628112941980362,-0.5790680050849915,-0.20149503648281097,-0.6896411180496216,-0.10872606188058853,-0.45832785964012146,-0.09216732531785965,-0.6951009035110474,-0.07913447916507721,-0.8383865356445312,-0.06853938102722168,-0.9533184170722961,-0.06543755531311035,-0.3943186402320862,-0.04715359956026077,-0.6171530485153198,-0.03541233763098717,-0.7563402652740479,-0.027051784098148346,-0.866838276386261,-0.01567424274981022,-0.3103840947151184,0.006452653091400862,-0.5066775679588318,0.03819752484560013,-0.6384121179580688,0.06318576633930206,-0.7479375600814819,0.03715183958411217,-0.2176494002342224,0.05321056395769119,-0.37175822257995605,0.07579861581325531,-0.47799399495124817,0.09608578681945801,-0.5740094780921936
program,749,test,44831,40,0.0,0.0,0.11183957010507584,-0.15926185250282288,0.19579669833183289,-0.3361770510673523,0.2824553847312927,-0.4736078381538391,0.37127920985221863,-0.532524585723877,0.02401266060769558,-0.4654713273048401,-0.04294155538082123,-0.7160234451293945,-0.08586817234754562,-0.8495656847953796,-0.12267490476369858,-0.9539955258369446,-0.07883669435977936,-0.43930259346961975,-0.14556185901165009,-0.7111703157424927,-0.18479178845882416,-0.8629500269889832,-0.21370677649974823,-0.9749272465705872,-0.1638575792312622,-0.3929852843284607,-0.21508686244487762,-0.6523474454879761,-0.24556224048137665,-0.7990612983703613,-0.2676721513271332,-0.9078910946846008,-0.23017838597297668,-0.3364275097846985,-0.2731149196624756,-0.5415478944778442,-0.2987010180950165,-0.655825138092041,-0.3192373514175415,-0.7471399903297424
program,749,train,44833,24,0.0,0.0,0.1067875549197197,-0.14646054804325104,0.16724224388599396,-0.3413548171520233,0.20513510704040527,-0.5024720430374146,0.25879600644111633,-0.5957682728767395,0.023392394185066223,-0.5046774744987488,-0.00929290521889925,-0.732093095779419,-0.033084701746702194,-0.8647666573524475,-0.054062243551015854,-0.9663598537445068,-0.0587613470852375,-0.4846009910106659,-0.09061813354492188,-0.7269566655158997,-0.11233437061309814,-0.8778951168060303,-0.1299944519996643,-0.9914088845252991,-0.12448376417160034,-0.4416722357273102,-0.1524786800146103,-0.6671106815338135,-0.16896094381809235,-0.8049059510231018,-0.18100810050964355,-0.9114082455635071,-0.17599064111709595,-0.38319265842437744,-0.19935770332813263,-0.5509049296379089,-0.2120221108198166,-0.6521604657173157,-0.21981780230998993,-0.7330307364463806
in,715,train,69377,19,0.0,0.0,-0.036917656660079956,-0.34793320298194885,-0.1202588826417923,-0.5870897173881531,-0.17484906315803528,-0.7834698557853699,-0.1961841583251953,-0.9403659701347351,-0.30147814750671387,-0.32366517186164856,-0.5496427416801453,-0.2767674922943115,-0.6984965801239014,-0.2467133104801178,-0.8167583346366882,-0.2184705287218094,-0.3313814103603363,-0.07985290139913559,-0.5965951085090637,-0.06508561968803406,-0.765354573726654,-0.07694511115550995,-0.8949733376502991,-0.09335308521986008,-0.347670316696167,0.10946772992610931,-0.592264711856842,0.08703964948654175,-0.7433167695999146,0.04290391132235527,-0.8599835634231567,-0.0019400841556489468,-0.35386693477630615,0.236829474568367,-0.5506956577301025,0.18500658869743347,-0.6714507937431335,0.1312655657529831,-0.7685951590538025,0.0768178254365921
in,715,train,29718,13,0.0,0.0,0.2872561514377594,-0.07716406136751175,0.5628825426101685,-0.06654659658670425,0.7335752844810486,0.03384043648838997,0.83055579662323,0.1572195589542389,0.6554940938949585,-0.35425329208374023,0.8357201814651489,-0.09455219656229019,0.8620970249176025,0.14721155166625977,0.8598638772964478,0.31560108065605164,0.5567885637283325,-0.3231854736804962,0.7292286157608032,-0.0030346994753926992,0.7513956427574158,0.23829232156276703,0.7389827966690063,0.39713054895401,0.4343523383140564,-0.22719596326351166,0.6022176146507263,0.08248142898082733,0.627255380153656,0.3016616106033325,0.6131303310394287,0.4431614577770233,0.30520498752593994,-0.08643453568220139,0.46040499210357666,0.16412419080734253,0.501590371131897,0.34516799449920654,0.5099286437034607,0.47786375880241394
in,715,val,29719,16,0.0,0.0,-0.022620897740125656,-0.17235538363456726,-0.11808663606643677,-0.24466408789157867,-0.23733970522880554,-0.19336608052253723,-0.32909315824508667,-0.09685055911540985,-0.1402597278356552,-0.35616984963417053,-0.3221650719642639,-0.194891095161438,-0.4248318672180176,-0.03178645297884941,-0.5038787126541138,0.09897273778915405,-0.15799032151699066,-0.20725694298744202,-0.35733187198638916,-0.02646522969007492,-0.47873619198799133,0.12710298597812653,-0.5697258710861206,0.24954886734485626,-0.18326535820960999,-0.04143969714641571,-0.37394988536834717,0.11051087081432343,-0.48850739002227783,0.2394191175699234,-0.5723122358322144,0.3372458219528198,-0.2159324735403061,0.12043650448322296,-0.36884650588035583,0.2204858809709549,-0.4569080173969269,0.30285003781318665,-0.5263792276382446,0.3678242266178131
in,715,test,29721,22,0.0,0.0,-0.07388967275619507,-0.21325160562992096,-0.1716085970401764,-0.40519025921821594,-0.2706167995929718,-0.5127134323120117,-0.3581564724445343,-0.5583204030990601,-0.16434930264949799,-0.706041693687439,-0.3242367208003998,-0.6757380366325378,-0.41794726252555847,-0.537948489189148,-0.4864409565925598,-0.4075021743774414,-0.15053912997245789,-0.6263452172279358,-0.3416108787059784,-0.4952974021434784,-0.43574801087379456,-0.332001656293869,-0.502593457698822,-0.19606614112854004,-0.15821512043476105,-0.483071893453598,-0.33463001251220703,-0.34829214215278625,-0.42695045471191406,-0.2086833417415619,-0.4892849624156952,-0.09207567572593689,-0.1841154545545578,-0.29879605770111084,-0.32253846526145935,-0.22122864425182343,-0.3950852155685425,-0.13775533437728882,-0.44755008816719055,-0.06189331039786339
in,715,train,29723,11,0.0,0.0,-0.16611656546592712,-0.3143722414970398,-0.40240180492401123,-0.39473268389701843,-0.6024695634841919,-0.315420001745224,-0.7473514080047607,-0.24626709520816803,-0.35596582293510437,-0.34705305099487305,-0.706538736820221,-0.2902597188949585,-0.8674955368041992,-0.2591802775859833,-0.9650924205780029,-0.2318669706583023,-0.33760201930999756,-0.07341769337654114,-0.7140889763832092,-0.036327168345451355,-0.8945803046226501,-0.038986530154943466,-0.997877836227417,-0.05252142250537872,-0.33610180020332336,0.17384962737560272,-0.6931240558624268,0.18404078483581543,-0.8775033354759216,0.15911805629730225,-0.9924440383911133,0.1285906434059143,-0.34990236163139343,0.37070387601852417,-0.6427526473999023,0.3649483025074005,-0.804446816444397,0.3312409222126007,-0.9230403304100037,0.3034093976020813
in,715,val,29726,16,0.0,0.0,-0.10603195428848267,-0.37739819288253784,-0.2761082351207733,-0.5741274356842041,-0.44337010383605957,-0.5891536474227905,-0.5727345943450928,-0.5713325142860413,-0.1719699651002884,-0.606901228427887,-0.36300209164619446,-0.5579010844230652,-0.5222280621528625,-0.48109170794487,-0.6580769419670105,-0.4136704206466675,-0.14719095826148987,-0.31224024295806885,-0.3984734117984772,-0.21001660823822021,-0.5955449342727661,-0.14458540081977844,-0.7498384714126587,-0.0996275544166565,-0.15031462907791138,0.0012308210134506226,-0.39876577258110046,0.09831704199314117,-0.5815429091453552,0.12572813034057617,-0.7223508358001709,0.1288323998451233,-0.17422743141651154,0.3050181269645691,-0.37244361639022827,0.35692086815834045,-0.5153791904449463,0.34063613414764404,-0.6340988278388977,0.3051314353942871
o,1840,val,66053,10,0.0,0.0,-0.17285142838954926,-0.20078209042549133,-0.30775487422943115,-0.471967875957489,-0.4119187295436859,-0.6235201358795166,-0.4926893711090088,-0.7314568758010864,-0.1995728462934494,-0.9043079614639282,-0.3207998275756836,-1.108581304550171,-0.43464764952659607,-0.9949988126754761,-0.4927779734134674,-0.8343197107315063,-0.13592158257961273,-0.8900108337402344,-0.28878119587898254,-1.1167950630187988,-0.4167045056819916,-0.9743238687515259,-0.4695442318916321,-0.7950617074966431,-0.07457909733057022,-0.8193620443344116,-0.2282560169696808,-1.0288019180297852,-0.36137691140174866,-0.9023748636245728,-0.4232410788536072,-0.7400096654891968,-0.02944854460656643,-0.6952747106552124,-0.1726420372724533,-0.837007999420166,-0.28310373425483704,-0.7943800091743469,-0.3484206199645996,-0.7087883353233337
o,1840,train,39553,19,0.0,0.0,0.20832638442516327,-0.32549867033958435,0.38589927554130554,-0.5955178141593933,0.5546503067016602,-0.6987103223800659,0.6791898608207703,-0.7552258968353271,0.23680350184440613,-0.9454202055931091,0.5091078281402588,-1.1139323711395264,0.5996200442314148,-0.9915306568145752,0.6143273711204529,-0.8658997416496277,0.2465265989303589,-0.8271206617355347,0.5371001958847046,-1.006767988204956,0.6339257955551147,-0.8787062764167786,0.642255961894989,-0.742668628692627,0.2832256257534027,-0.6545040011405945,0.5427832007408142,-0.8431395292282104,0.6344714164733887,-0.7401750683784485,0.6408165097236633,-0.6176018714904785,0.3388901650905609,-0.4550257623195648,0.5234609246253967,-0.6201814413070679,0.589665412902832,-0.5953866839408875,0.6085749864578247,-0.5324226021766663
o,1840,train,39555,15,0.0,0.0,0.1808147132396698,-0.19142770767211914,0.3154687285423279,-0.47890228033065796,0.40242812037467957,-0.7174384593963623,0.32723096013069153,-0.8225624561309814,0.1667710244655609,-0.9044961333274841,0.19694624841213226,-1.3258618116378784,0.3157145380973816,-1.209365725517273,0.35226649045944214,-1.016674280166626,0.06873663514852524,-0.8900651335716248,0.09995460510253906,-1.3359742164611816,0.23677276074886322,-1.1757972240447998,0.26911574602127075,-0.9631063938140869,-0.04114767536520958,-0.8515243530273438,-0.025281505659222603,-1.2700637578964233,0.1174670085310936,-1.1474173069000244,0.17253436148166656,-0.952400267124176,-0.1604289710521698,-0.7861948609352112,-0.15729746222496033,-1.1228779554367065,-0.04007192328572273,-1.1172653436660767,0.036930620670318604,-1.0072078704833984
o,1840,train,39557,15,0.0,0.0,0.2132251262664795,-0.21418176591396332,0.37806347012519836,-0.44646891951560974,0.50538170337677,-0.5780162811279297,0.5816322565078735,-0.7005390524864197,0.21789711713790894,-0.8747749924659729,0.37760642170906067,-1.0503082275390625,0.4904898405075073,-0.9563731551170349,0.5456556081771851,-0.8239431381225586,0.1602092683315277,-0.8644421100616455,0.35633984208106995,-1.049350619316101,0.47934097051620483,-0.9500924944877625,0.5354859232902527,-0.8018331527709961,0.11634097248315811,-0.8167238831520081,0.32402750849723816,-0.9890512824058533,0.4460756182670593,-0.9096418023109436,0.5029745697975159,-0.774957001209259,0.08964118361473083,-0.7301615476608276,0.2695176303386688,-0.8637718558311462,0.37457552552223206,-0.841548502445221,0.43659326434135437,-0.7700126767158508
s,1917,val,66057,11,0.0,0.0,-0.21671520173549652,-0.3372984826564789,-0.36923620104789734,-0.7551782727241516,-0.3668859601020813,-1.1465712785720825,-0.24842381477355957,-1.411218523979187,-0.26340344548225403,-1.2727059125900269,-0.3228301703929901,-1.6484836339950562,-0.3233809471130371,-1.3220946788787842,-0.2883734703063965,-1.108489751815796,-0.08400800824165344,-1.2568413019180298,-0.12031782418489456,-1.587565541267395,-0.14222048223018646,-1.172431468963623,-0.11734268814325333,-0.9924945831298828,0.09989727288484573,-1.174919843673706,0.06293739378452301,-1.4754605293273926,0.023195626214146614,-1.0607097148895264,0.04055808484554291,-0.8801711797714233,0.28898486495018005,-1.02549409866333,0.2287842184305191,-1.2883751392364502,0.16885410249233246,-1.0081782341003418,0.17005424201488495,-0.8559612035751343
s,1917,train,51426,23,0.0,0.0,0.2916736304759979,-0.27460092306137085,0.5100052356719971,-0.6559447646141052,0.4489367604255676,-0.9394294023513794,0.32610663771629333,-1.089442491531372,0.44217637181282043,-1.1437932252883911,0.6099737286567688,-1.3996819257736206,0.6277828812599182,-1.0814663171768188,0.5950414538383484,-0.9167225956916809,0.20126457512378693,-1.1071972846984863,0.34688204526901245,-1.2796531915664673,0.3628505766391754,-0.8832704424858093,0.31709274649620056,-0.8018040060997009,-0.031156182289123535,-1.0034222602844238,0.10591220110654831,-1.0963884592056274,0.15040245652198792,-0.7304506897926331,0.10502032935619354,-0.6704469919204712,-0.26607370376586914,-0.8559368252754211,-0.11464899778366089,-0.9294881224632263,-0.06317919492721558,-0.6752599477767944,-0.11282892525196075,-0.6092804074287415
s,1917,train,51428,15,0.0,0.0,0.2360142320394516,-0.2828330099582672,0.3546544015407562,-0.747265100479126,0.29580166935920715,-1.0446317195892334,0.10498605668544769,-1.1078948974609375,0.15938371419906616,-1.436448574066162,0.3165075182914734,-1.5783393383026123,0.3290534019470215,-1.243812918663025,0.2746249735355377,-1.084833025932312,-0.04932767152786255,-1.4102874994277954,0.09774316847324371,-1.5041218996047974,0.13526305556297302,-1.1238147020339966,0.0960550531744957,-0.9953533411026001,-0.23593905568122864,-1.2690246105194092,-0.058857422322034836,-1.248326063156128,-0.00943216122686863,-0.9173545837402344,-0.06748029589653015,-0.827171266078949,-0.3904477059841156,-1.0514264106750488,-0.2036599963903427,-1.0073487758636475,-0.16256818175315857,-0.7646663784980774,-0.2299448698759079,-0.7028424739837646
s,1917,train,51430,21,0.0,0.0,0.3018260598182678,-0.10831848531961441,0.5865066647529602,-0.39825689792633057,0.6913657784461975,-0.7368922233581543,0.5663566589355469,-0.9559715986251831,0.47586292028427124,-1.1154680252075195,0.5545148253440857,-1.3881280422210693,0.49139404296875,-0.9561999440193176,0.45045438408851624,-0.781143069267273,0.24681633710861206,-1.1989043951034546,0.301788330078125,-1.4472416639328003,0.2626306712627411,-0.917635440826416,0.2374250292778015,-0.7834259271621704,0.009986539371311665,-1.183760643005371,0.047966260462999344,-1.4282448291778564,0.052035536617040634,-0.9248999357223511,0.034971170127391815,-0.7858561277389526,-0.23749610781669617,-1.1149953603744507,-0.19227895140647888,-1.2906264066696167,-0.145727276802063,-0.9402214884757996,-0.14304223656654358,-0.7990103960037231
u,1980,val,66059,11,0.0,0.0,-0.07892978936433792,-0.1131691038608551,-0.11204676330089569,-0.255460262298584,-0.07543760538101196,-0.3713795840740204,-0.0213234294205904,-0.4373108148574829,-0.0771007239818573,-0.5411026477813721,-0.07374753057956696,-0.7273831963539124,-0.06678012758493423,-0.8426013588905334,-0.05616287887096405,-0.9461053609848022,-0.0077171544544398785,-0.5392186641693115,-0.0010870731202885509,-0.7542429566383362,0.0016171294264495373,-0.885671854019165,0.00919062178581953,-0.9998468160629272,0.05693483725190163,-0.4836921691894531,0.06363807618618011,-0.5929515957832336,0.032844576984643936,-0.47046583890914917,0.01376258209347725,-0.368388295173645,0.11446745693683624,-0.39099666476249695,0.10942491888999939,-0.4754863679409027,0.07570919394493103,-0.4027065336704254,0.05265700817108154,-0.32909682393074036
u,1980,train,60358,19,0.0,0.0,0.1468270868062973,-0.12901636958122253,0.24141517281532288,-0.29130691289901733,0.2154768407344818,-0.38665223121643066,0.1339268684387207,-0.42775148153305054,0.10239695012569427,-0.6369889974594116,0.1275605708360672,-0.7842100262641907,0.13772930204868317,-0.86190265417099,0.13852234184741974,-0.9334737062454224,-0.02563268318772316,-0.5902295112609863,0.018027380108833313,-0.725002110004425,0.05120042711496353,-0.7781574130058289,0.0674445703625679,-0.8288122415542603,-0.13706448674201965,-0.4836515188217163,-0.0888662040233612,-0.5183881521224976,-0.018898392096161842,-0.34900403022766113,0.01869869790971279,-0.2213643193244934,-0.2290138155221939,-0.33995234966278076,-0.17377685010433197,-0.34272804856300354,-0.10572453588247299,-0.23572932183742523,-0.06935491412878036,-0.14991921186447144
u,1980,train,60360,15,0.0,0.0,0.09659993648529053,-0.08642555773258209,0.14870263636112213,-0.2320357710123062,0.11851241439580917,-0.33885473012924194,0.05620081350207329,-0.38727742433547974,0.09251277148723602,-0.48579585552215576,0.11422733217477798,-0.694635808467865,0.12159091979265213,-0.8292800188064575,0.12175097316503525,-0.9419062733650208,0.019334660843014717,-0.4857606887817383,0.03357010707259178,-0.7250470519065857,0.045681264251470566,-0.8780715465545654,0.050630439072847366,-0.9987135529518127,-0.051378607749938965,-0.4387468695640564,-0.030507352203130722,-0.5515732169151306,0.0071193138137459755,-0.4244735836982727,0.024963729083538055,-0.31590476632118225,-0.11628834158182144,-0.3560972511768341,-0.08462075889110565,-0.4271935820579529,-0.045955512672662735,-0.34396034479141235,-0.028953678905963898,-0.26226192712783813
u,1980,train,60362,19,0.0,0.0,0.12422782182693481,-0.11907225847244263,0.18896035850048065,-0.24247348308563232,0.18154582381248474,-0.3330878019332886,0.15267281234264374,-0.3885924816131592,0.14513452351093292,-0.5469659566879272,0.18412205576896667,-0.6470937728881836,0.19584162533283234,-0.6872095465660095,0.1958373636007309,-0.7338941693305969,0.05441093444824219,-0.5236911773681641,0.09079761058092117,-0.6425005793571472,0.109746553003788,-0.7082434892654419,0.11739301681518555,-0.7683326601982117,-0.03248676657676697,-0.44664132595062256,-0.018102800473570824,-0.49411067366600037,0.01811053790152073,-0.377359539270401,0.042100757360458374,-0.2764236032962799,-0.11067821085453033,-0.3389627933502197,-0.09073928743600845,-0.3802012801170349,-0.05411006137728691,-0.32204970717430115,-0.027307726442813873,-0.2619495093822479
